{
  "main.cpp": 1777391374.4544933,
  "AGENTS.md": 1776943109.4489198,
  "pins.md": 1777390995.03454,
  "graphify-out/graph.html": 1777391615.592457,
  "graphify-out/GRAPH_REPORT.md": 1777391607.7436125,
  "images/195e8434-4b97-4c88-b8ee-e3d7fa54e5ed.JPG": 1777048028.7151406,
  "images/cb75d34f-fecb-442d-9f1b-ec1fd56060b4.JPG": 1777048028.7209044,
  "images/41d3fd0e-9b44-405c-b9d0-97134b20700e.JPG": 1777048028.7168217,
  "images/c0b9bbe1-0097-48fe-92be-15fcd8c6e610.JPG": 1777048028.7192452,
  "images/a4a7a9cd-806c-4b72-8d80-14e08ae2ccf5.JPG": 1777048028.718096,
  "images/d4ebd8a5-df84-4355-b279-cb4c832d7a33.JPG": 1777048028.7222269
}